50:B - 84:A,0.07456645371387385
12:B - 13:B,0.06840017084013726
10:B - 24:B,0.052110342076443834
92:B:Psi,0.04860096888082824
D25,0.04586707269584309
LIG:12,0.03869743911212183
54:A - 56:A,0.03697565677474467
80:A - 84:A,0.03044102919239776
45:A:Psi,0.024945062404028696
26:B:Psi,0.019969779368819836
13:B:Psi,0.018230266875592035
22:B - 9:B,0.017911015696488255
11:A - 9:A,0.016786532034403168
10:A - 82:A,0.016729759920344704
33:A - 82:A,0.015353146196369844
1:B:B:65:68:O:H,0.01530834051712747
30:A:Phi,0.015291527764315504
13:B - 67:B,0.01498412882701044
10:B - 11:B,0.012958548851569558
60:B - 75:B,0.01238599832048735
LIG:5,0.012350576514406426
90:A - 92:A,0.010348638275005562
1:B:B:16:18:O:HS,0.010084659706048438
1:B - 99:A,0.00982993192617185
45:B:Psi,0.00978855158486712
13:B - 83:B,0.009712883845331474
40:B - 60:B,0.009556812061949131
17:B - 18:B,0.00900891741865442
15:B:Psi,0.008727626052531556
0:B:B:90:95:O:H,0.008703626199690253
36:B - 83:B,0.00821778111615359
1:A:A:14:65:O:H,0.00817445782436963
4:A - 95:B,0.008069940036474028
98:A:Psi,0.00786197310567004
B:41,0.007767293028949676
15:B - 75:B,0.007417734418985955
1:B:B:60:41:O:H,0.007374774727444947
16:B:Phi,0.006825486504422043
81:A - 84:A,0.006773967490985166
57:B - 77:B,0.006224808901587497
70:B:Phi,0.005967592015111116
28:A - 88:A,0.005607250381117146
6:B - 92:A,0.005340273820685135
0:B:B:60:58:OS:HS,0.005242265272258005
90:B - 93:B,0.005118188090792357
56:B - 79:B,0.00478497705176665
2:B - 4:B,0.00476115541907402
77:B - 79:B,0.0046172157310127296
A:99,0.004616272024042792
1:A:A:65:68:O:H,0.0043237004519183254
64:B - 71:B,0.00416343647207115
0:B:B:41:60:O:H,0.003897507846406645
10:B:Psi,0.0035415570102182384
1:B:B:12:67:O:H,0.0034190336874126274
12:A - 13:A,0.00295370094886008
19:B - 20:B,0.002340720968174824
29:B - 87:B,0.002214258508303236
91:B - 93:B,0.0017880503289392936
